{
  "model": "LightGBM",
  "time_min": 0.05341247717539469,
  "test_accuracy": 0.8868,
  "test_f1": 0.8725799189554255,
  "test_roc_auc": 0.9540555218552468
}