{
  "model": "XGBoost",
  "time_min": 0.06437830527623495,
  "test_accuracy": 0.8863,
  "test_f1": 0.8720027017899359,
  "test_roc_auc": 0.9541153414197093
}