{
  "model": "SVC_RBF_50k",
  "time_min": 4.525923422972361,
  "test_accuracy": 0.8808,
  "test_f1": 0.8650667874122707,
  "test_roc_auc": 0.9497793428306343
}