{
  "total_time_min": 1.749535040060679,
  "all_results": [
    {
      "model": "LogisticRegression_FinalGridSearch",
      "time_min": 0.9512478629748027,
      "best_params": {
        "C": 1.8,
        "class_weight": "balanced",
        "max_iter": 400,
        "penalty": "l2",
        "solver": "liblinear"
      },
      "cv_best_score": 0.8698041313620484,
      "test_accuracy": 0.8812,
      "test_f1": 0.8678825622775801,
      "test_roc_auc": 0.9497819709291068,
      "baseline_f1": 0.8679,
      "improvement": -1.7437722419910706e-05
    },
    {
      "model": "LinearSVC_FinalGridSearch",
      "time_min": 0.7547672986984253,
      "best_params": {
        "C": 0.8,
        "class_weight": "balanced",
        "max_iter": 600,
        "penalty": "l1"
      },
      "cv_best_score": 0.8696866253834701,
      "test_accuracy": 0.8801,
      "test_f1": 0.866436448702239,
      "test_roc_auc": 0,
      "baseline_f1": 0.8664,
      "improvement": 3.644870223906693e-05
    }
  ],
  "best_model": {
    "model": "LogisticRegression_FinalGridSearch",
    "time_min": 0.9512478629748027,
    "best_params": {
      "C": 1.8,
      "class_weight": "balanced",
      "max_iter": 400,
      "penalty": "l2",
      "solver": "liblinear"
    },
    "cv_best_score": 0.8698041313620484,
    "test_accuracy": 0.8812,
    "test_f1": 0.8678825622775801,
    "test_roc_auc": 0.9497819709291068,
    "baseline_f1": 0.8679,
    "improvement": -1.7437722419910706e-05
  }
}